symbol,date,n_ticks,n_trades,n_quotes,q_spread_med,q_spread_mean,q_spread_bps_med,q_spread_bps_mean,twa_spread,twa_spread_bps,eff_spread_med,eff_spread_bps_med,mid_med,bid_sz_med,ask_sz_med,first_ts,last_ts
QQQ,2026-01-27,5292839,250140,5042699,0.01,0.00976,0.1585,0.1548,0.01031,0.1634,0.01,0.1584,631.045,360,360,14:30:00Z,21:00:00Z
QQQ,2026-01-28,8402749,340029,8062720,0.01,0.01013,0.1578,0.1599,0.01106,0.1745,0.01,0.1577,633.605,360,360,14:30:00Z,21:00:00Z
QQQ,2026-01-29,12924543,557834,12366709,0.01,0.01192,0.1603,0.1908,0.01285,0.2056,0.01,0.1598,625.0,200,240,14:30:00Z,21:00:00Z
QQQ,2026-01-30,13594697,481071,13113626,0.01,0.01368,0.1607,0.2192,0.01584,0.2539,0.01,0.1603,623.89,200,200,14:30:00Z,21:00:00Z
QQQ,2026-02-02,8270675,359532,7911143,0.01,0.01206,0.1596,0.1928,0.0119,0.19,0.01,0.1595,626.625,240,240,14:30:00Z,21:00:00Z
QQQ,2026-02-03,14082273,599635,13482638,0.01,0.01233,0.1626,0.1997,0.01313,0.2127,0.01,0.1619,617.375,240,240,14:30:00Z,21:00:00Z
QQQ,2026-02-04,14553356,610713,13942643,0.02,0.01644,0.3263,0.2706,0.01745,0.2874,0.01,0.1649,607.285,160,160,14:30:00Z,21:00:00Z
QQQ,2026-02-05,14963597,616299,14347298,0.02,0.01759,0.3325,0.2935,0.01952,0.326,0.01,0.1672,598.81,160,160,14:30:00Z,21:00:00Z
QQQ,2026-02-06,11620544,575408,11045136,0.01,0.01226,0.1651,0.2027,0.01202,0.1984,0.01,0.1645,605.73,200,240,14:30:00Z,21:00:00Z
QQQ,2026-02-09,9313483,420369,8893114,0.01,0.01142,0.1629,0.1866,0.01089,0.1774,0.01,0.1626,613.955,240,280,14:30:00Z,21:00:00Z
QQQ,2026-02-10,10904139,429823,10474316,0.01,0.00981,0.1627,0.1597,0.01055,0.1716,0.01,0.1626,614.57,280,280,14:30:00Z,21:00:00Z
QQQ,2026-02-11,11465114,424227,11040887,0.01,0.01213,0.1634,0.198,0.01256,0.2051,0.01,0.1631,612.635,200,200,14:30:00Z,21:00:00Z
QQQ,2026-02-12,15238973,636962,14602011,0.01,0.01262,0.1658,0.2083,0.01402,0.2322,0.01,0.1655,603.955,240,240,14:30:00Z,21:00:00Z
QQQ,2026-02-13,17188215,514609,16673606,0.01,0.0148,0.1662,0.2456,0.01502,0.2489,0.01,0.1659,603.3,160,160,14:30:00Z,21:00:00Z
QQQ,2026-02-17,15465337,557654,14907683,0.01,0.01328,0.1671,0.2217,0.01384,0.2307,0.01,0.1665,599.785,160,160,14:30:00Z,21:00:00Z
QQQ,2026-02-18,11412592,530336,10882256,0.01,0.01116,0.1647,0.1842,0.01132,0.1864,0.01,0.1646,607.175,280,280,14:30:00Z,21:00:00Z
QQQ,2026-02-19,12236034,473068,11762966,0.01,0.01143,0.1659,0.1896,0.0115,0.1907,0.01,0.1658,602.955,200,200,14:30:00Z,21:00:00Z
QQQ,2026-02-20,12456718,571089,11885629,0.01,0.01624,0.1652,0.2677,0.0174,0.2865,0.01,0.1647,607.415,200,200,14:30:00Z,21:00:00Z
QQQ,2026-02-23,12178404,526630,11651774,0.01,0.0118,0.1665,0.1959,0.01185,0.1971,0.01,0.1663,601.165,200,200,14:30:00Z,21:00:00Z
QQQ,2026-02-24,8033611,410770,7622841,0.01,0.01438,0.1648,0.2373,0.01393,0.2293,0.01,0.1646,607.225,240,240,14:30:00Z,21:00:00Z
QQQ,2026-02-25,5653208,417023,5236185,0.01,0.0106,0.1626,0.1724,0.01042,0.1695,0.01,0.1625,614.925,240,240,14:30:00Z,21:00:00Z
QQQ,2026-02-26,12469022,821263,11647759,0.01,0.01077,0.1646,0.177,0.01078,0.1774,0.01,0.1644,607.82,240,240,14:30:00Z,21:00:00Z
QQQ,2026-02-27,9594209,566017,9028192,0.01,0.01259,0.165,0.2077,0.01275,0.2104,0.01,0.1649,606.185,160,160,14:30:00Z,21:00:00Z
QQQ,2026-03-02,11028259,673806,10354453,0.01,0.01279,0.1649,0.211,0.01224,0.2016,0.01,0.1646,606.905,200,200,14:30:00Z,21:00:00Z
QQQ,2026-03-03,16910168,857365,16052803,0.01,0.01396,0.1677,0.2332,0.01431,0.2389,0.01,0.167,598.935,160,160,14:30:00Z,21:00:00Z
QQQ,2026-03-04,10697393,567438,10129955,0.01,0.01199,0.1637,0.1969,0.01175,0.1924,0.01,0.1636,610.765,200,200,14:30:00Z,21:00:00Z
QQQ,2026-03-05,13360621,757181,12603440,0.01,0.01233,0.1649,0.2031,0.01209,0.1991,0.01,0.1644,607.345,160,200,14:30:00Z,21:00:00Z
QQQ,2026-03-06,13549260,724375,12824885,0.01,0.0124,0.1658,0.2059,0.0124,0.2056,0.01,0.1657,603.265,200,200,14:30:00Z,21:00:00Z
QQQ,2026-03-09,13970659,800880,13169779,0.01,0.01406,0.1674,0.2349,0.01466,0.2449,0.01,0.1668,598.795,200,200,13:30:00Z,20:00:00Z
QQQ,2026-03-10,10751332,520935,10230397,0.02,0.01965,0.3273,0.3224,0.02141,0.3511,0.01,0.1643,609.645,200,200,13:30:00Z,20:00:00Z
QQQ,2026-03-11,12685949,475101,12210848,0.01,0.01177,0.1647,0.1935,0.01251,0.2059,0.01,0.1645,607.745,200,240,13:30:00Z,20:00:00Z
QQQ,2026-03-12,13380971,573103,12807868,0.01,0.01283,0.167,0.2139,0.01401,0.2337,0.01,0.1668,599.63,200,200,13:30:00Z,20:00:00Z
QQQ,2026-03-13,10018616,482790,9535826,0.02,0.01743,0.3334,0.2921,0.01864,0.3133,0.01,0.1682,595.055,200,200,13:30:00Z,20:00:00Z
QQQ,2026-03-16,9075992,391027,8684965,0.01,0.01227,0.1665,0.2042,0.013,0.2163,0.01,0.1664,600.895,200,200,13:30:00Z,20:00:00Z
QQQ,2026-03-17,8401369,391958,8009411,0.01,0.01116,0.1657,0.1848,0.01147,0.19,0.01,0.1656,603.58,200,200,13:30:00Z,20:00:00Z
QQQ,2026-03-18,10969493,400427,10569066,0.01,0.01186,0.1667,0.1977,0.01345,0.2241,0.01,0.1666,600.125,240,240,13:30:00Z,20:00:00Z
QQQ,2026-03-19,14616830,658420,13958410,0.01,0.01199,0.1694,0.2029,0.01223,0.2071,0.01,0.1692,590.605,200,200,13:30:00Z,20:00:00Z
QQQ,2026-03-20,12666584,669935,11996649,0.01,0.01091,0.1707,0.1865,0.01122,0.1916,0.01,0.1707,585.875,200,240,13:30:00Z,20:00:00Z
QQQ,2026-03-23,13071879,693224,12378655,0.01,0.0144,0.17,0.2437,0.0144,0.2439,0.01,0.1695,590.435,200,200,13:30:00Z,20:00:00Z
QQQ,2026-03-24,8665645,389679,8275966,0.02,0.02007,0.3418,0.3432,0.02128,0.364,0.01,0.1712,584.8,160,200,13:30:00Z,20:00:00Z
QQQ,2026-03-25,9319448,486153,8833295,0.01,0.01214,0.17,0.2062,0.01245,0.2114,0.01,0.1698,588.695,200,200,13:30:00Z,20:00:00Z
QQQ,2026-03-26,10740971,655854,10085117,0.01,0.01201,0.1731,0.2071,0.0122,0.21,0.01,0.1723,580.655,240,240,13:30:00Z,20:00:00Z
QQQ,2026-03-27,13106568,657572,12448996,0.01,0.01079,0.1765,0.1905,0.01094,0.193,0.01,0.1764,566.725,240,240,13:30:00Z,20:00:00Z
QQQ,2026-03-30,11602722,553095,11049627,0.01,0.01158,0.1783,0.2061,0.01192,0.212,0.01,0.1778,562.365,200,200,13:30:00Z,20:00:00Z
QQQ,2026-03-31,14814961,743820,14071141,0.01,0.01341,0.1762,0.2348,0.01385,0.2415,0.01,0.1743,573.23,240,240,13:30:00Z,20:00:00Z
QQQ,2026-04-01,12359566,607347,11752219,0.01,0.01159,0.1711,0.1984,0.01221,0.2089,0.01,0.1709,584.555,240,280,13:30:00Z,20:00:00Z
QQQ,2026-04-02,8548187,344139,8204048,0.02,0.02596,0.3493,0.4464,0.02468,0.4236,0.01,0.1735,582.695,200,200,13:30:00Z,20:00:00Z
QQQ,2026-04-06,4292335,243784,4048551,0.03,0.02662,0.5099,0.4532,0.02533,0.4312,0.01,0.1703,587.385,120,160,13:30:00Z,20:00:00Z
QQQ,2026-04-07,6220076,303830,5916246,0.03,0.02841,0.5131,0.4868,0.02724,0.4665,0.01,0.1724,583.94,160,200,13:30:00Z,20:00:00Z
QQQ,2026-04-08,5336984,369815,4967169,0.02,0.02309,0.3308,0.3813,0.02205,0.3641,0.01,0.1653,605.595,160,200,13:30:00Z,20:00:00Z
QQQ,2026-04-09,4538960,235511,4303449,0.02,0.02417,0.3312,0.3983,0.02412,0.3974,0.01,0.165,606.96,200,200,13:30:00Z,20:00:00Z
QQQ,2026-04-10,4445975,199970,4246005,0.02,0.01827,0.3267,0.2988,0.01643,0.2687,0.01,0.1636,611.425,200,200,13:30:00Z,20:00:00Z
QQQ,2026-04-13,3485393,182088,3303305,0.02,0.02356,0.3274,0.3849,0.02186,0.3573,0.01,0.1634,611.9,200,200,13:30:00Z,20:00:00Z
QQQ,2026-04-14,2868650,280063,2588587,0.02,0.01809,0.3192,0.2897,0.0163,0.2609,0.01,0.1597,624.595,240,280,13:30:00Z,20:00:00Z
QQQ,2026-04-15,4208369,292114,3916255,0.02,0.01696,0.3154,0.2682,0.01576,0.2491,0.01,0.1579,632.61,200,200,13:30:00Z,20:00:00Z
QQQ,2026-04-16,4424045,236588,4187457,0.02,0.02145,0.3133,0.3358,0.02005,0.3137,0.01,0.1565,639.11,160,200,13:30:00Z,20:00:00Z
QQQ,2026-04-17,5394376,275443,5118933,0.02,0.02118,0.3087,0.327,0.02011,0.3103,0.01,0.1544,647.895,200,160,13:30:00Z,20:00:00Z
QQQ,2026-04-20,4594388,196456,4397932,0.02,0.01996,0.3095,0.309,0.01726,0.2672,0.01,0.1549,645.93,200,200,13:30:00Z,20:00:00Z
QQQ,2026-04-21,6112208,234658,5877550,0.02,0.02432,0.3098,0.3763,0.02473,0.3825,0.01,0.155,646.56,160,160,13:30:00Z,20:00:00Z
QQQ,2026-04-22,4446456,199521,4246935,0.02,0.01903,0.3064,0.2919,0.01803,0.2764,0.01,0.1532,652.53,200,200,13:30:00Z,20:00:00Z
QQQ,2026-04-23,5405631,238781,5166850,0.03,0.02715,0.4577,0.4162,0.02631,0.4029,0.01,0.154,653.12,160,160,13:30:00Z,20:00:00Z
QQQ,2026-04-24,5269110,247901,5021209,0.02,0.02161,0.3032,0.327,0.02024,0.3063,0.01,0.1513,660.735,200,200,13:30:00Z,20:00:00Z
QQQ,2026-04-27,4038591,157107,3881484,0.03,0.02522,0.452,0.3807,0.02236,0.3374,0.01,0.1509,662.565,200,200,13:30:00Z,20:00:00Z
QQQ,2026-04-28,5315608,190569,5125039,0.02,0.02416,0.3055,0.368,0.02371,0.3612,0.01,0.1526,656.445,200,200,13:30:00Z,20:00:00Z
QQQ,2026-04-29,3993758,175973,3817785,0.03,0.02502,0.4536,0.3796,0.02421,0.3674,0.01,0.1518,658.995,200,200,13:30:00Z,20:00:00Z
QQQ,2026-04-30,6500908,247098,6253810,0.02,0.02361,0.3032,0.3564,0.02255,0.3403,0.01,0.1516,662.855,200,160,13:30:00Z,20:00:00Z
QQQ,2026-05-01,4492586,224750,4267836,0.02,0.02366,0.2972,0.3511,0.02172,0.3222,0.01,0.1484,674.105,200,200,13:30:00Z,20:00:00Z
QQQ,2026-05-04,3986331,185981,3800350,0.03,0.02928,0.4455,0.435,0.02769,0.4116,0.01,0.1493,672.7,160,200,13:30:00Z,20:00:00Z
QQQ,2026-05-05,3267893,158054,3109839,0.02,0.02166,0.2938,0.3182,0.0199,0.2923,0.01,0.1468,680.885,200,240,13:30:00Z,20:00:00Z
QQQ,2026-05-06,4174904,219097,3955807,0.02,0.02364,0.29,0.3423,0.02194,0.3174,0.01,0.1448,691.205,200,200,13:30:00Z,20:00:00Z
QQQ,2026-05-07,6831706,278475,6553231,0.02,0.0247,0.2885,0.3549,0.02447,0.3517,0.01,0.1443,695.665,200,160,13:30:00Z,20:00:00Z
QQQ,2026-05-08,3536731,220124,3316607,0.03,0.02627,0.4227,0.3719,0.02438,0.3447,0.01,0.1416,707.155,240,320,13:30:00Z,20:00:00Z
QQQ,2026-05-11,4416898,203337,4213561,0.02,0.0252,0.2821,0.3537,0.0229,0.3214,0.01,0.1404,712.54,160,240,13:30:00Z,20:00:00Z
QQQ,2026-05-12,6122894,289456,5833438,0.03,0.02954,0.4269,0.42,0.02843,0.4046,0.01,0.1432,702.735,120,120,13:30:00Z,20:00:00Z
QQQ,2026-05-13,4735651,199201,4536450,0.03,0.02987,0.4216,0.4206,0.02656,0.3737,0.01,0.1415,710.71,200,200,13:30:00Z,20:00:00Z
QQQ,2026-05-14,4635509,212388,4423121,0.03,0.02875,0.4166,0.3999,0.02653,0.3688,0.01,0.1395,719.555,160,280,13:30:00Z,20:00:00Z
QQQ,2026-05-15,6668808,259829,6408979,0.03,0.03233,0.4221,0.4551,0.02994,0.4212,0.02,0.2802,710.825,120,160,13:30:00Z,20:00:00Z
QQQ,2026-05-18,6660804,322574,6338230,0.04,0.03964,0.568,0.5625,0.03793,0.539,0.02,0.2842,703.735,120,120,13:30:00Z,20:00:00Z
QQQ,2026-05-19,6713752,291655,6422097,0.04,0.03939,0.5682,0.5621,0.03673,0.5236,0.02,0.2859,701.455,120,120,13:30:00Z,20:00:00Z
QQQ,2026-05-20,5417248,226460,5190788,0.04,0.03781,0.5621,0.5337,0.0314,0.4424,0.02,0.2814,709.7,120,200,13:30:00Z,20:00:00Z
QQQ,2026-05-21,5556400,229893,5326507,0.04,0.03927,0.5622,0.5525,0.03644,0.5132,0.02,0.2823,710.045,120,200,13:30:00Z,20:00:00Z
QQQ,2026-05-22,3875279,180807,3694472,0.03,0.02903,0.4164,0.4037,0.0261,0.3626,0.018,0.2498,719.74,120,200,13:30:00Z,20:00:00Z
QQQ,2026-05-26,4529397,196681,4332716,0.03,0.02564,0.4105,0.3523,0.02312,0.3174,0.01,0.1374,728.245,160,240,13:30:00Z,20:00:00Z
QQQ,2026-05-27,5517832,208965,5308867,0.03,0.03431,0.4129,0.4711,0.03031,0.4162,0.02,0.2742,728.215,160,200,13:30:00Z,20:00:00Z
QQQ,2026-05-28,3462164,178006,3284158,0.03,0.03296,0.4096,0.4505,0.02722,0.3717,0.01,0.1375,732.49,160,200,13:30:00Z,20:00:00Z
QQQ,2026-05-29,5140192,200926,4939266,0.03,0.02879,0.4062,0.39,0.02618,0.3546,0.01,0.1358,738.245,160,160,13:30:00Z,20:00:00Z
QQQ,2026-06-01,4320022,200315,4119707,0.03,0.03097,0.4042,0.4186,0.02537,0.3427,0.01,0.1355,740.32,120,200,13:30:00Z,20:00:00Z
QQQ,2026-06-02,4133115,165390,3967725,0.03,0.027,0.4024,0.3632,0.02364,0.3177,0.01,0.1345,744.22,160,240,13:30:00Z,20:00:00Z
QQQ,2026-06-03,5610510,237829,5372681,0.03,0.02934,0.4028,0.3941,0.02717,0.365,0.01,0.1348,744.44,160,160,13:30:00Z,20:00:00Z
QQQ,2026-06-04,4979393,226572,4752821,0.03,0.03058,0.4055,0.4145,0.02605,0.3527,0.01,0.136,738.56,160,160,13:30:00Z,20:00:00Z
QQQ,2026-06-05,9102881,546508,8556373,0.03,0.03115,0.4192,0.4338,0.0299,0.4171,0.01,0.1417,716.735,120,120,13:30:00Z,20:00:00Z
QQQ,2026-06-08,7427179,272174,7155005,0.03,0.03658,0.4193,0.5096,0.03367,0.4687,0.02,0.2781,718.285,120,120,13:30:00Z,20:00:00Z
QQQ,2026-06-09,11806073,653224,11152849,0.05,0.0474,0.705,0.673,0.04689,0.6669,0.03,0.419,703.09,120,80,13:30:00Z,20:00:00Z
QQQ,2026-06-10,7664729,419764,7244965,0.06,0.05896,0.8574,0.8406,0.05746,0.8209,0.03,0.43,699.94,120,120,13:30:00Z,20:00:00Z
QQQ,2026-06-11,7994640,490480,7504160,0.05,0.05243,0.713,0.7444,0.04958,0.7056,0.03,0.4227,702.61,80,80,13:30:00Z,20:00:00Z
QQQ,2026-06-12,5530665,349889,5180776,0.05,0.05138,0.6938,0.7148,0.04655,0.6463,0.03,0.4158,720.155,80,80,13:30:00Z,20:00:00Z
QQQ,2026-06-15,3368138,221488,3146650,0.03,0.03514,0.4044,0.4739,0.03053,0.411,0.02,0.2688,742.845,120,200,13:30:00Z,20:00:00Z
QQQ,2026-06-16,4001353,279986,3721367,0.04,0.04396,0.5467,0.5965,0.04118,0.5598,0.02,0.2716,735.76,160,120,13:30:00Z,20:00:00Z
QQQ,2026-06-17,6047321,302088,5745233,0.06,0.05659,0.8158,0.775,0.04801,0.6562,0.03,0.4099,731.725,120,160,13:30:00Z,20:00:00Z
QQQ,2026-06-18,4788256,246690,4541566,0.04,0.04093,0.5416,0.5553,0.03522,0.4773,0.02,0.2706,737.94,120,120,13:30:00Z,20:00:00Z
QQQ,2026-06-22,5564384,192235,5372149,0.04,0.0447,0.544,0.605,0.03856,0.523,0.02,0.2712,737.395,120,160,13:30:00Z,20:00:00Z
QQQ,2026-06-23,6291620,345473,5946147,0.04,0.04258,0.5578,0.5931,0.03858,0.5376,0.02,0.2786,717.49,120,120,13:30:00Z,20:00:00Z
QQQ,2026-06-24,5847301,304108,5543193,0.05,0.05448,0.7088,0.764,0.0522,0.7313,0.03,0.4197,713.8,160,120,13:30:00Z,20:00:00Z
QQQ,2026-06-25,7929345,327404,7601941,0.06,0.05841,0.8379,0.8178,0.05412,0.7575,0.03,0.4198,714.42,120,120,13:30:00Z,20:00:00Z
QQQ,2026-06-26,5643967,261885,5382082,0.06,0.05657,0.8405,0.7967,0.05245,0.7378,0.03,0.4211,710.95,120,120,13:30:00Z,20:00:00Z
QQQ,2026-06-29,4813900,282414,4531486,0.06,0.05558,0.833,0.7773,0.04531,0.6328,0.02,0.2806,716.0,120,160,13:30:00Z,20:00:00Z
QQQ,2026-06-30,3187326,252570,2934756,0.04,0.04103,0.5452,0.5607,0.03319,0.453,0.02,0.2713,732.785,120,200,13:30:00Z,20:00:00Z
QQQ,2026-07-01,4183854,248713,3935141,0.04,0.04326,0.5497,0.5938,0.03871,0.5315,0.02,0.2742,728.345,200,120,13:30:00Z,20:00:00Z
QQQ,2026-07-02,6539740,353356,6186384,0.06,0.05575,0.8259,0.7766,0.05089,0.7111,0.024,0.3381,715.685,160,120,13:30:00Z,20:00:00Z
SPY,2026-01-27,4178880,356660,3822220,0.01,0.00928,0.1437,0.1335,0.01003,0.1442,0.01,0.1437,695.61,520,520,14:30:00Z,21:00:00Z
SPY,2026-01-28,6583664,430572,6153092,0.01,0.00948,0.1437,0.1362,0.01028,0.1478,0.01,0.1437,695.59,480,480,14:30:00Z,21:00:00Z
SPY,2026-01-29,14649943,779624,13870319,0.01,0.00931,0.1448,0.1349,0.01001,0.145,0.01,0.1446,690.385,320,360,14:30:00Z,21:00:00Z
SPY,2026-01-30,12028243,613183,11415060,0.01,0.01151,0.1447,0.1665,0.01419,0.2053,0.01,0.1446,691.42,240,240,14:30:00Z,21:00:00Z
SPY,2026-02-02,7417708,585437,6832271,0.01,0.00924,0.1438,0.1331,0.01004,0.1443,0.01,0.1437,695.225,400,400,14:30:00Z,21:00:00Z
SPY,2026-02-03,14762483,860624,13901859,0.01,0.00904,0.1448,0.1311,0.00984,0.1427,0.01,0.1448,689.66,280,320,14:30:00Z,21:00:00Z
SPY,2026-02-04,17443876,840208,16603668,0.01,0.01105,0.1457,0.1609,0.01174,0.1708,0.01,0.1455,687.05,240,240,14:30:00Z,21:00:00Z
SPY,2026-02-05,15823772,843637,14980135,0.01,0.0123,0.1474,0.1811,0.0133,0.1958,0.01,0.1473,679.21,280,280,14:30:00Z,21:00:00Z
SPY,2026-02-06,9480177,679151,8801026,0.01,0.011,0.1456,0.1603,0.01108,0.1614,0.01,0.1451,686.675,280,280,14:30:00Z,21:00:00Z
SPY,2026-02-09,7786331,551172,7235159,0.01,0.00969,0.144,0.1399,0.01011,0.1456,0.01,0.1439,694.095,360,360,14:30:00Z,21:00:00Z
SPY,2026-02-10,9256157,490868,8765289,0.01,0.00938,0.1439,0.135,0.01008,0.1451,0.01,0.1439,694.72,320,320,14:30:00Z,21:00:00Z
SPY,2026-02-11,13324967,611040,12713927,0.01,0.00947,0.1444,0.1366,0.01017,0.1468,0.01,0.1443,692.575,320,320,14:30:00Z,21:00:00Z
SPY,2026-02-12,16857543,995128,15862415,0.01,0.00921,0.146,0.1341,0.01019,0.1487,0.01,0.146,684.875,280,280,14:30:00Z,21:00:00Z
SPY,2026-02-13,13000478,676428,12324050,0.01,0.0121,0.1464,0.1772,0.01336,0.1955,0.01,0.1464,683.115,280,240,14:30:00Z,21:00:00Z
SPY,2026-02-17,13712979,637422,13075557,0.01,0.01189,0.1468,0.1747,0.01263,0.1853,0.01,0.1466,681.595,240,240,14:30:00Z,21:00:00Z
SPY,2026-02-18,7457949,533807,6924142,0.01,0.01187,0.1457,0.173,0.01248,0.1817,0.01,0.1455,686.88,320,360,14:30:00Z,21:00:00Z
SPY,2026-02-19,8885714,452319,8433395,0.01,0.01248,0.1464,0.1825,0.01384,0.2023,0.01,0.1462,683.815,320,320,14:30:00Z,21:00:00Z
SPY,2026-02-20,8941957,642807,8299150,0.02,0.01734,0.2904,0.2525,0.01886,0.2744,0.01,0.1455,687.24,240,240,14:30:00Z,21:00:00Z
SPY,2026-02-23,10250743,691804,9558939,0.01,0.01054,0.1466,0.1542,0.01048,0.1536,0.01,0.1465,682.405,320,320,14:30:00Z,21:00:00Z
SPY,2026-02-24,7157452,499525,6657927,0.01,0.01111,0.1458,0.1621,0.01111,0.1619,0.01,0.1456,686.085,320,320,14:30:00Z,21:00:00Z
SPY,2026-02-25,4052597,389429,3663168,0.01,0.01144,0.1447,0.1654,0.01136,0.1643,0.01,0.1444,691.435,240,240,14:30:00Z,21:00:00Z
SPY,2026-02-26,7392347,565558,6826789,0.01,0.0126,0.1456,0.1831,0.01367,0.1987,0.01,0.1452,687.845,240,240,14:30:00Z,21:00:00Z
SPY,2026-02-27,7463632,601060,6862572,0.01,0.01331,0.1462,0.1944,0.01453,0.2123,0.01,0.146,684.39,240,240,14:30:00Z,21:00:00Z
SPY,2026-03-02,8622138,638221,7983917,0.01,0.01375,0.1461,0.2009,0.01419,0.2071,0.01,0.1458,685.515,200,240,14:30:00Z,21:00:00Z
SPY,2026-03-03,11225824,820562,10405262,0.02,0.01663,0.2936,0.246,0.01822,0.2692,0.01,0.1479,676.96,160,160,14:30:00Z,21:00:00Z
SPY,2026-03-04,9497044,566947,8930097,0.01,0.01301,0.1458,0.19,0.01351,0.1971,0.01,0.1458,685.785,280,240,14:30:00Z,21:00:00Z
SPY,2026-03-05,12844700,801730,12042970,0.01,0.01356,0.1476,0.1995,0.01528,0.2248,0.01,0.147,679.88,200,240,14:30:00Z,21:00:00Z
SPY,2026-03-06,12304312,724301,11580011,0.01,0.01559,0.1489,0.2314,0.01709,0.2535,0.01,0.1485,673.985,240,240,14:30:00Z,21:00:00Z
SPY,2026-03-09,11667003,772743,10894260,0.01,0.01686,0.1509,0.252,0.01725,0.2578,0.01,0.1494,669.305,200,200,13:30:00Z,20:00:00Z
SPY,2026-03-10,8797197,620361,8176836,0.02,0.01829,0.2936,0.2694,0.01983,0.292,0.01,0.1472,679.25,200,200,13:30:00Z,20:00:00Z
SPY,2026-03-11,8314586,474568,7840018,0.02,0.01598,0.2949,0.2363,0.01759,0.2603,0.01,0.148,675.775,240,240,13:30:00Z,20:00:00Z
SPY,2026-03-12,9890079,794123,9095956,0.01,0.01344,0.1497,0.2009,0.01472,0.2202,0.01,0.1496,668.735,240,200,13:30:00Z,20:00:00Z
SPY,2026-03-13,10909280,695026,10214254,0.01,0.01318,0.1507,0.198,0.0145,0.2181,0.01,0.1505,664.535,240,240,13:30:00Z,20:00:00Z
SPY,2026-03-16,7462687,585744,6876943,0.01,0.01288,0.1495,0.1924,0.0146,0.2182,0.01,0.1494,669.215,240,280,13:30:00Z,20:00:00Z
SPY,2026-03-17,6915196,507966,6407230,0.01,0.01169,0.149,0.1739,0.01347,0.2006,0.01,0.1489,671.525,280,280,13:30:00Z,20:00:00Z
SPY,2026-03-18,8364411,596324,7768087,0.01,0.01302,0.1502,0.1954,0.0145,0.2176,0.01,0.1501,666.545,240,280,13:30:00Z,20:00:00Z
SPY,2026-03-19,9228435,824236,8404199,0.01,0.01502,0.1523,0.2282,0.01669,0.2536,0.01,0.152,657.82,200,200,13:30:00Z,20:00:00Z
SPY,2026-03-20,9112409,906904,8205505,0.01,0.01374,0.1543,0.2108,0.01537,0.2357,0.01,0.1537,652.22,240,240,13:30:00Z,20:00:00Z
SPY,2026-03-23,11085367,904514,10180853,0.01,0.01523,0.1525,0.2314,0.01613,0.2452,0.01,0.152,657.865,200,200,13:30:00Z,20:00:00Z
SPY,2026-03-24,8587545,659586,7927959,0.01,0.01562,0.1534,0.2389,0.01715,0.2623,0.01,0.153,653.935,200,200,13:30:00Z,20:00:00Z
SPY,2026-03-25,9716606,710596,9006010,0.01,0.01273,0.1522,0.1937,0.01397,0.2124,0.01,0.1521,657.44,240,240,13:30:00Z,20:00:00Z
SPY,2026-03-26,8179198,686113,7493085,0.01,0.01287,0.1544,0.1977,0.01328,0.2038,0.01,0.1536,651.345,200,240,13:30:00Z,20:00:00Z
SPY,2026-03-27,8391750,736692,7655058,0.01,0.01357,0.1573,0.2124,0.015,0.2346,0.01,0.1567,639.21,240,240,13:30:00Z,20:00:00Z
SPY,2026-03-30,8128085,722050,7406035,0.01,0.01292,0.1579,0.2034,0.0144,0.2265,0.01,0.1574,635.67,240,200,13:30:00Z,20:00:00Z
SPY,2026-03-31,10530190,1004745,9525445,0.01,0.01527,0.1561,0.2369,0.01594,0.2468,0.01,0.1549,645.95,240,240,13:30:00Z,20:00:00Z
SPY,2026-04-01,9213672,734511,8479161,0.01,0.01185,0.1526,0.1807,0.01223,0.1866,0.01,0.1524,655.645,280,280,13:30:00Z,20:00:00Z
SPY,2026-04-02,5429807,429559,5000248,0.03,0.02735,0.4581,0.4189,0.02737,0.4185,0.01,0.1546,653.985,160,160,13:30:00Z,20:00:00Z
SPY,2026-04-06,3948944,235817,3713127,0.02,0.02491,0.3046,0.3789,0.02446,0.372,0.01,0.1522,657.505,160,160,13:30:00Z,20:00:00Z
SPY,2026-04-07,4513004,398473,4114531,0.02,0.02461,0.3064,0.3755,0.02372,0.362,0.016,0.2444,655.2,120,120,13:30:00Z,20:00:00Z
SPY,2026-04-08,4836608,585576,4251032,0.02,0.01744,0.2961,0.2585,0.01638,0.2427,0.01,0.1482,674.815,200,200,13:30:00Z,20:00:00Z
SPY,2026-04-09,3933365,355356,3578009,0.02,0.01773,0.2942,0.2616,0.01721,0.2536,0.01,0.1473,678.525,200,240,13:30:00Z,20:00:00Z
SPY,2026-04-10,3090864,268242,2822622,0.02,0.01729,0.2936,0.2542,0.01732,0.2547,0.01,0.1471,680.27,200,200,13:30:00Z,20:00:00Z
SPY,2026-04-13,2914110,316665,2597445,0.02,0.01851,0.2932,0.2721,0.01711,0.2517,0.01,0.1466,679.95,200,200,13:30:00Z,20:00:00Z
SPY,2026-04-14,2466937,355248,2111689,0.01,0.01485,0.145,0.2146,0.01427,0.206,0.01,0.1443,692.545,240,280,13:30:00Z,20:00:00Z
SPY,2026-04-15,2526084,345891,2180193,0.02,0.01629,0.2858,0.2336,0.0159,0.228,0.01,0.1434,697.07,200,240,13:30:00Z,20:00:00Z
SPY,2026-04-16,2833902,302035,2531867,0.02,0.01776,0.2852,0.2535,0.01757,0.2508,0.01,0.1427,700.72,200,240,13:30:00Z,20:00:00Z
SPY,2026-04-17,3388232,388562,2999670,0.02,0.01828,0.2814,0.2577,0.01753,0.2469,0.01,0.1408,709.955,200,200,13:30:00Z,20:00:00Z
SPY,2026-04-20,2914189,240097,2674092,0.02,0.01915,0.2823,0.2704,0.01725,0.2436,0.01,0.1412,708.03,200,200,13:30:00Z,20:00:00Z
SPY,2026-04-21,4211410,349544,3861866,0.02,0.02312,0.2833,0.3271,0.02255,0.3191,0.01,0.142,706.655,200,200,13:30:00Z,20:00:00Z
SPY,2026-04-22,2505996,226606,2279390,0.02,0.01958,0.2817,0.2759,0.01895,0.267,0.01,0.1409,709.795,200,280,13:30:00Z,20:00:00Z
SPY,2026-04-23,3977314,358300,3619014,0.02,0.02505,0.2827,0.3537,0.0227,0.3204,0.01,0.1418,708.465,200,200,13:30:00Z,20:00:00Z
SPY,2026-04-24,3322833,244717,3078116,0.02,0.02142,0.281,0.3009,0.02002,0.2813,0.01,0.1403,711.905,200,240,13:30:00Z,20:00:00Z
SPY,2026-04-27,2122823,215169,1907654,0.02,0.01914,0.2801,0.2681,0.01798,0.2518,0.01,0.14,713.88,240,240,13:30:00Z,20:00:00Z
SPY,2026-04-28,2857984,233461,2624523,0.02,0.02081,0.2814,0.2927,0.01995,0.2807,0.01,0.1407,710.955,280,240,13:30:00Z,20:00:00Z
SPY,2026-04-29,3701500,264091,3437409,0.02,0.01919,0.2815,0.2701,0.01819,0.2561,0.01,0.1408,710.355,240,240,13:30:00Z,20:00:00Z
SPY,2026-04-30,4322663,340567,3982096,0.02,0.01908,0.2798,0.2672,0.01871,0.262,0.01,0.14,714.075,200,200,13:30:00Z,20:00:00Z
SPY,2026-05-01,3185499,290108,2895391,0.02,0.0207,0.2768,0.2864,0.01948,0.2696,0.01,0.1385,722.49,200,200,13:30:00Z,20:00:00Z
SPY,2026-05-04,4699960,347895,4352065,0.02,0.02172,0.2786,0.3024,0.02014,0.2805,0.01,0.1394,718.065,200,200,13:30:00Z,20:00:00Z
SPY,2026-05-05,2147533,212352,1935181,0.02,0.01842,0.2764,0.2547,0.01714,0.237,0.01,0.1382,723.21,240,280,13:30:00Z,20:00:00Z
SPY,2026-05-06,3052758,274386,2778372,0.02,0.01849,0.2732,0.2529,0.0167,0.2283,0.01,0.1366,731.585,200,240,13:30:00Z,20:00:00Z
SPY,2026-05-07,4640804,323323,4317481,0.02,0.02141,0.2732,0.2923,0.02089,0.2853,0.01,0.1368,732.165,200,200,13:30:00Z,20:00:00Z
SPY,2026-05-08,2683731,259582,2424149,0.02,0.02005,0.2713,0.2721,0.02003,0.2718,0.01,0.1357,736.985,200,240,13:30:00Z,20:00:00Z
SPY,2026-05-11,2988735,311042,2677693,0.02,0.01906,0.2705,0.2578,0.01891,0.2559,0.01,0.1354,739.085,200,200,13:30:00Z,20:00:00Z
SPY,2026-05-12,4674399,365707,4308692,0.02,0.01931,0.2722,0.2628,0.01871,0.2547,0.01,0.1363,734.645,200,200,13:30:00Z,20:00:00Z
SPY,2026-05-13,2978196,267792,2710404,0.02,0.0197,0.2701,0.2663,0.01865,0.2521,0.01,0.1351,739.495,200,240,13:30:00Z,20:00:00Z
SPY,2026-05-14,3089495,263166,2826329,0.02,0.02015,0.2675,0.2698,0.01951,0.261,0.01,0.1338,747.515,160,200,13:30:00Z,20:00:00Z
SPY,2026-05-15,5105349,305866,4799483,0.02,0.02218,0.2702,0.2994,0.0215,0.2902,0.01,0.1352,740.78,160,200,13:30:00Z,20:00:00Z
SPY,2026-05-18,5740016,320168,5419848,0.03,0.02582,0.4053,0.3502,0.02547,0.3456,0.01,0.1362,737.085,160,160,13:30:00Z,20:00:00Z
SPY,2026-05-19,5902444,350588,5551856,0.02,0.02382,0.2729,0.3244,0.02303,0.3138,0.01,0.1365,733.95,160,160,13:30:00Z,20:00:00Z
SPY,2026-05-20,4896137,317374,4578763,0.02,0.02378,0.2709,0.3221,0.02133,0.2885,0.01,0.1359,739.26,160,160,13:30:00Z,20:00:00Z
SPY,2026-05-21,4355125,325345,4029780,0.03,0.02585,0.4035,0.3492,0.02502,0.3384,0.02,0.269,739.46,160,160,13:30:00Z,20:00:00Z
SPY,2026-05-22,2966739,238234,2728505,0.02,0.02101,0.2677,0.2813,0.01913,0.256,0.01,0.1341,747.085,160,160,13:30:00Z,20:00:00Z
SPY,2026-05-26,3012956,276882,2736074,0.01,0.01533,0.1335,0.2044,0.01444,0.1926,0.01,0.1334,749.835,200,240,13:30:00Z,20:00:00Z
SPY,2026-05-27,3666252,280932,3385320,0.02,0.01882,0.2665,0.2509,0.01796,0.2395,0.01,0.1333,750.085,160,160,13:30:00Z,20:00:00Z
SPY,2026-05-28,2712147,250013,2462134,0.02,0.01933,0.2652,0.2568,0.01776,0.2357,0.01,0.1328,753.25,160,160,13:30:00Z,20:00:00Z
SPY,2026-05-29,3577798,323080,3254718,0.02,0.01753,0.2642,0.2317,0.01716,0.2268,0.01,0.1322,756.59,160,200,13:30:00Z,20:00:00Z
SPY,2026-06-01,3171763,295578,2876185,0.02,0.01837,0.2639,0.2427,0.01626,0.2149,0.01,0.1321,756.525,160,200,13:30:00Z,20:00:00Z
SPY,2026-06-02,2502915,208617,2294298,0.02,0.01646,0.2632,0.2169,0.01562,0.2058,0.01,0.1317,759.095,200,240,13:30:00Z,20:00:00Z
SPY,2026-06-03,3664780,287794,3376986,0.02,0.01699,0.2644,0.2249,0.01613,0.2136,0.01,0.1324,755.49,200,200,13:30:00Z,20:00:00Z
SPY,2026-06-04,3575849,291533,3284316,0.02,0.01824,0.2643,0.2417,0.01751,0.2318,0.01,0.1323,755.24,200,240,13:30:00Z,20:00:00Z
SPY,2026-06-05,8255017,603536,7651481,0.02,0.01829,0.2671,0.2456,0.01804,0.2424,0.01,0.1349,744.13,200,160,13:30:00Z,20:00:00Z
SPY,2026-06-08,7657071,323991,7333080,0.02,0.0205,0.2696,0.2763,0.02023,0.2726,0.01,0.135,742.03,160,200,13:30:00Z,20:00:00Z
SPY,2026-06-09,10667472,633710,10033762,0.03,0.02813,0.407,0.3834,0.0286,0.3897,0.02,0.27,733.975,160,120,13:30:00Z,20:00:00Z
SPY,2026-06-10,8094823,399573,7695250,0.03,0.02799,0.4088,0.3825,0.0283,0.3871,0.02,0.2713,731.02,120,120,13:30:00Z,20:00:00Z
SPY,2026-06-11,9047291,566745,8480546,0.03,0.02828,0.4088,0.3868,0.02788,0.3821,0.02,0.2709,729.6,120,160,13:30:00Z,20:00:00Z
SPY,2026-06-12,6469768,390178,6079590,0.03,0.02824,0.4045,0.3815,0.02623,0.3541,0.02,0.269,740.82,120,120,13:30:00Z,20:00:00Z
SPY,2026-06-15,3367217,325002,3042215,0.02,0.01855,0.2649,0.2459,0.01768,0.2344,0.01,0.1326,754.42,160,200,13:30:00Z,20:00:00Z
SPY,2026-06-16,4526834,322709,4204125,0.02,0.01811,0.2655,0.2405,0.01746,0.2319,0.01,0.133,752.9,160,160,13:30:00Z,20:00:00Z
SPY,2026-06-17,6585924,510866,6075058,0.02,0.02619,0.2704,0.3507,0.02269,0.3032,0.01,0.1351,748.275,120,120,13:30:00Z,20:00:00Z
SPY,2026-06-18,4392126,341523,4050603,0.02,0.02276,0.2682,0.3051,0.02056,0.2755,0.01,0.134,746.15,160,160,13:30:00Z,20:00:00Z
SPY,2026-06-22,5024945,301654,4723291,0.02,0.02003,0.2685,0.2686,0.01914,0.257,0.01,0.1343,744.805,200,160,13:30:00Z,20:00:00Z
SPY,2026-06-23,6256462,408909,5847553,0.02,0.01982,0.2715,0.2693,0.01936,0.2631,0.01,0.1361,735.94,160,160,13:30:00Z,20:00:00Z
SPY,2026-06-24,5420200,361246,5058954,0.02,0.02315,0.273,0.3149,0.0229,0.3115,0.01,0.1365,735.165,120,120,13:30:00Z,20:00:00Z
SPY,2026-06-25,7977648,351865,7625783,0.03,0.02667,0.4079,0.3634,0.02627,0.3579,0.01,0.1366,733.885,120,120,13:30:00Z,20:00:00Z
SPY,2026-06-26,4956317,390016,4566301,0.03,0.02599,0.4079,0.3549,0.02472,0.3373,0.01,0.1366,732.915,120,120,13:30:00Z,20:00:00Z
SPY,2026-06-29,4443817,344756,4099061,0.03,0.0266,0.4059,0.3607,0.02338,0.3169,0.01,0.1356,737.65,120,160,13:30:00Z,20:00:00Z
SPY,2026-06-30,2723735,325255,2398480,0.02,0.01874,0.2679,0.2516,0.01782,0.2392,0.01,0.134,744.99,160,160,13:30:00Z,20:00:00Z
SPY,2026-07-01,3428164,291091,3137073,0.02,0.02005,0.2676,0.2686,0.01947,0.2607,0.01,0.134,746.86,200,160,13:30:00Z,20:00:00Z
SPY,2026-07-02,5449369,335854,5113515,0.02,0.02421,0.2698,0.3248,0.02387,0.3205,0.01,0.1347,744.79,120,160,13:30:00Z,20:00:00Z
